dataset,training_ratio,model,training_time,predict_time,error,model_size
diabetes,1.0,QDA,0.07563883000004348,0.0126697179999428,0.22909023008776114,924.0000000000007
diabetes,1.0,LDA,0.1718727030000628,0.001607265999900847,0.13837092055851785,482.99999999999955
diabetes,1.0,Decicision Tree,0.21596100399987334,0.003776242000003549,0.13528060748148302,126.00000000000023
diabetes,1.0,Random Forrest,33.457116506000034,1.5161707020000534,0.1336170874914417,5396679.3599999985
diabetes,1.0,AdaBoost,3.69157083099999,0.07404056400013362,0.13700636942675162,450.0
diabetes,1.0,kNN,0.0189756239999042,6.013294855000042,0.13937612813543857,0
diabetes,1.0,Logistic Regression,0.7067087420001917,0.0012591309998788345,0.13781862694246763,0
diabetes,1.0,Neural Network,3.9292290210000287,0.038081273999978286,0.13468349965766924,72962.00000000006
