dataset,training_ratio,model,training_time,predict_time,error,model_size
diabetes,0.1,QDA,0.010853755000098322,0.016216773999840374,0.22976991701244814,924.0000000000007
diabetes,0.1,LDA,0.019742782999855994,0.0013720200002717326,0.13887821576763493,482.99999999999955
diabetes,0.1,Decicision Tree,0.02004357900026662,0.003783098999956563,0.1370875518672199,125.92000000000021
diabetes,0.1,Random Forrest,3.4546210310000975,1.3421952700003021,0.13498672199170128,2113728.04
diabetes,0.1,AdaBoost,0.343026464999748,0.08444708400020316,0.13959211618257256,449.71999999999997
diabetes,0.1,kNN,0.0021654410000337522,1.6292162160002408,0.14047074688796685,0
diabetes,0.1,Logistic Regression,0.07515394699985335,0.001355937999906018,0.13833278008298747,0
diabetes,0.1,Neural Network,0.4025814510001512,0.04153340399981972,0.13854585062240665,72962.00000000006
