dataset,training_ratio,model,training_time,predict_time,error,model_size
diabetes_50_50,1.0,QDA,0.023830099999031518,0.004082700001163175,0.27667336758245853,924.0
diabetes_50_50,1.0,LDA,0.05731089999972028,0.0006210000028659124,0.25478370932916383,483.0
diabetes_50_50,1.0,Decicision Tree,0.059958100002404535,0.0014222999998310115,0.2681110862929045,126.0
diabetes_50_50,1.0,Random Forrest,9.869650399999955,0.48515640000186977,0.2512843421934331,4037992.0
diabetes_50_50,1.0,AdaBoost,0.9827972000020964,0.023073199998179916,0.26855781401235945,450.0
diabetes_50_50,1.0,kNN,0.005498899998201523,0.8551492000005965,0.2705680887499069,0
diabetes_50_50,1.0,Logistic Regression,0.14431040000272333,0.0005323999976099003,0.26051671506216956,0
diabetes_50_50,1.0,Neural Network,3.036827700001595,0.009616899998945883,0.24919961283597647,72962.0
