dataset,training_ratio,model,training_time,predict_time,error,model_size
diabetes,1.0,QDA,0.07754219999992529,0.012578999999959706,0.22734911512686984,924.0
diabetes,1.0,LDA,0.17861709999988307,0.0015826999999717373,0.13562522044025804,483.0
diabetes,1.0,Decicision Tree,0.22460739999996804,0.003666999999950349,0.1330940475943484,126.0
diabetes,1.0,Random Forrest,34.77677569999992,1.5300124000000324,0.13170397726093908,5412432.0
diabetes,1.0,AdaBoost,4.046070399999962,0.08781999999996515,0.13396543496753044,450.0
diabetes,1.0,kNN,0.019056000000091444,6.289802000000009,0.1376377103259404,0
diabetes,1.0,Logistic Regression,0.8145495999999639,0.0011792000000241387,0.13568746239548535,0
diabetes,1.0,Neural Network,4.956768999999895,0.039669800000183386,0.13299031100230296,72962.0
