dataset,training_ratio,model,training_time,predict_time,error,model_size
diabetes,0.0005,QDA,0.0016008300000294184,0.012024820000010551,0.1484460580912863,923.9999999999999
diabetes,0.0005,LDA,0.002063780000025872,0.0011414699999932056,0.18665560165975104,483.00000000000006
diabetes,0.0005,Decicision Tree,0.0007630800000470117,0.0030534899999565823,0.20117012448132782,47.20000000000001
diabetes,0.0005,Random Forrest,0.29495421999999966,0.4117885699999761,0.14279253112033194,26094.0
diabetes,0.0005,AdaBoost,0.030672320000007858,0.07879177999998319,0.18323443983402488,433.20000000000005
diabetes,0.0005,kNN,0.00046336000000337665,1.047915940000007,0.13986514522821575,0
diabetes,0.0005,Logistic Regression,0.007603660000017953,0.0012244199999940973,0.16542116182572617,0
diabetes,0.0005,Neural Network,0.15533135000000586,0.042659449999973724,0.21489211618257262,72961.99999999999
